;;;;% Difference in Distinct count of Α.Μ. from the Previous along Month of Date (copy);% Difference in Distinct count of Α.Μ. from the Previous along Month of Date (copy);% Difference in Distinct count of Α.Μ. from the Previous along Month of Date (copy);% Difference in Distinct count of Α.Μ. from the Previous along Month of Date (copy);% Difference in Distinct count of Α.Μ. from the Previous along Month of Date (copy);% Difference in Distinct count of Α.Μ. from the Previous along Month of Date (copy);% Difference in Distinct count of Α.Μ. from the Previous along Month of Date (copy);% Difference in Distinct count of Α.Μ. from the Previous along Month of Date (copy);% Difference in Distinct count of Α.Μ. from the Previous along Month of Date (copy);% Difference in Distinct count of Α.Μ. from the Previous along Month of Date (copy);% Difference in Distinct count of Α.Μ. from the Previous along Month of Date (copy);% Difference in Distinct count of Α.Μ. from the Previous along Month of Date (copy);Distinct count of Α.Μ.;Distinct count of Α.Μ.;Distinct count of Α.Μ.;Distinct count of Α.Μ.;Distinct count of Α.Μ.;Distinct count of Α.Μ.;Distinct count of Α.Μ.;Distinct count of Α.Μ.;Distinct count of Α.Μ.;Distinct count of Α.Μ.;Distinct count of Α.Μ.;Distinct count of Α.Μ.
Κωδικός (1ο επίπεδο ανάλυσης)  ;Επάγγελμα (1ο επίπεδο ανάλυσης);Περιφέρεια;Φύλο;Ιαν-24;Φεβ-24;Μαρ-24;Απρ-24;Μαϊ-24;Ιουν-24;Ιουλ-24;Αυγ-24;Σεπ-24;Οκτ-24;Νοε-24;Δεκ-24;Ιαν-24;Φεβ-24;Μαρ-24;Απρ-24;Μαϊ-24;Ιουν-24;Ιουλ-24;Αυγ-24;Σεπ-24;Οκτ-24;Νοε-24;Δεκ-24
5;Απασχολούμενοι στην παροχή υπηρεσιών και πωλητές;Ανατολικής Μακεδονίας & Θράκης;Άνδρες;;3,68%;-9,55%;-14,05%;-14,37%;-5,33%;-1,32%;55,46%;-31,82%;28,12%;15,00%;2,84%;2201;2282;2064;1774;1519;1438;1419;2206;1504;1927;2216;2279
5;Απασχολούμενοι στην παροχή υπηρεσιών και πωλητές;Ανατολικής Μακεδονίας & Θράκης;Γυναίκες;;0,93%;-3,07%;-6,59%;-4,07%;-1,32%;0,36%;10,14%;-11,00%;8,21%;5,16%;0,22%;6484;6544;6343;5925;5684;5609;5629;6200;5518;5971;6279;6293
5;Απασχολούμενοι στην παροχή υπηρεσιών και πωλητές;Αττικής;Άνδρες;;4,31%;-10,36%;-13,42%;-12,81%;-4,93%;0,00%;59,20%;-35,66%;19,65%;18,26%;0,93%;14517;15142;13574;11752;10247;9742;9742;15509;9978;11939;14119;14250
5;Απασχολούμενοι στην παροχή υπηρεσιών και πωλητές;Αττικής;Γυναίκες;;2,19%;-4,97%;-4,80%;-3,85%;2,63%;2,32%;14,53%;-17,78%;3,06%;4,89%;-0,17%;37953;38785;36859;35091;33741;34630;35434;40582;33365;34386;36067;36004
5;Απασχολούμενοι στην παροχή υπηρεσιών και πωλητές;Βορείου Αιγαίου;Άνδρες;;2,79%;-10,02%;-22,68%;-34,45%;-13,14%;-4,49%;163,12%;-58,89%;67,28%;35,43%;0,91%;1039;1068;961;743;487;423;404;1063;437;731;990;999
5;Απασχολούμενοι στην παροχή υπηρεσιών και πωλητές;Βορείου Αιγαίου;Γυναίκες;;2,44%;-4,50%;-11,28%;-15,12%;-9,20%;-5,60%;60,86%;-37,41%;23,06%;15,62%;0,78%;2537;2599;2482;2202;1869;1697;1602;2577;1613;1985;2295;2313
5;Απασχολούμενοι στην παροχή υπηρεσιών και πωλητές;Δυτικής Ελλάδας;Άνδρες;;3,08%;-9,17%;-15,64%;-19,09%;-4,95%;-2,52%;65,52%;-36,62%;30,97%;24,06%;-0,81%;5026;5181;4706;3970;3212;3053;2976;4926;3122;4089;5073;5032
5;Απασχολούμενοι στην παροχή υπηρεσιών και πωλητές;Δυτικής Ελλάδας;Γυναίκες;;0,64%;-3,36%;-5,62%;-6,98%;-1,61%;-0,27%;12,65%;-11,71%;7,01%;7,53%;-0,32%;10179;10244;9900;9344;8692;8552;8529;9608;8483;9078;9762;9731
5;Απασχολούμενοι στην παροχή υπηρεσιών και πωλητές;Δυτικής Μακεδονίας;Άνδρες;;0,17%;-8,82%;-18,61%;-16,03%;-2,00%;-7,08%;63,34%;-35,19%;34,49%;23,89%;-2,41%;1200;1202;1096;892;749;734;682;1114;722;971;1203;1174
5;Απασχολούμενοι στην παροχή υπηρεσιών και πωλητές;Δυτικής Μακεδονίας;Γυναίκες;;-0,60%;1,00%;-2,77%;-3,38%;-1,83%;-3,17%;2,43%;-7,57%;6,48%;4,18%;0,00%;3308;3288;3321;3229;3120;3063;2966;3038;2808;2990;3115;3115
5;Απασχολούμενοι στην παροχή υπηρεσιών και πωλητές;Ηπείρου;Άνδρες;;3,84%;-9,37%;-18,61%;-20,12%;-10,13%;-3,17%;78,37%;-42,32%;46,92%;21,50%;-1,57%;1953;2028;1838;1496;1195;1074;1040;1855;1070;1572;1910;1880
5;Απασχολούμενοι στην παροχή υπηρεσιών και πωλητές;Ηπείρου;Γυναίκες;;0,90%;-3,52%;-8,84%;-9,70%;-1,69%;-1,68%;25,97%;-20,85%;12,57%;9,41%;-1,48%;3544;3576;3450;3145;2840;2792;2745;3458;2737;3081;3371;3321
5;Απασχολούμενοι στην παροχή υπηρεσιών και πωλητές;Θεσσαλίας;Άνδρες;;2,50%;-7,69%;-17,93%;-19,44%;-7,49%;-1,70%;69,48%;-37,40%;35,00%;21,12%;-1,13%;3755;3849;3553;2916;2349;2173;2136;3620;2266;3059;3705;3663
5;Απασχολούμενοι στην παροχή υπηρεσιών και πωλητές;Θεσσαλίας;Γυναίκες;;1,44%;-3,79%;-6,38%;-6,48%;-1,70%;-0,42%;11,67%;-11,74%;8,60%;5,85%;-0,36%;7917;8031;7727;7234;6765;6650;6622;7395;6527;7088;7503;7476
5;Απασχολούμενοι στην παροχή υπηρεσιών και πωλητές;Ιονίων Νήσων;Άνδρες;;4,71%;-14,06%;-43,19%;-63,13%;-31,33%;-18,00%;897,17%;-89,80%;362,18%;100,23%;4,66%;4335;4539;3901;2216;817;561;460;4587;468;2163;4331;4533
5;Απασχολούμενοι στην παροχή υπηρεσιών και πωλητές;Ιονίων Νήσων;Γυναίκες;;3,83%;-11,80%;-41,51%;-56,14%;-23,95%;-6,35%;526,07%;-83,83%;202,30%;92,75%;4,80%;6169;6405;5649;3304;1449;1102;1032;6461;1045;3159;6089;6381
5;Απασχολούμενοι στην παροχή υπηρεσιών και πωλητές;Κεντρικής Μακεδονίας;Άνδρες;;3,54%;-10,84%;-19,17%;-16,12%;-7,21%;-2,52%;77,98%;-39,81%;37,45%;23,03%;0,17%;10042;10397;9270;7493;6285;5832;5685;10118;6090;8371;10299;10316
5;Απασχολούμενοι στην παροχή υπηρεσιών και πωλητές;Κεντρικής Μακεδονίας;Γυναίκες;;1,12%;-4,08%;-8,89%;-7,13%;-2,38%;0,50%;22,80%;-19,21%;11,30%;8,49%;-0,15%;23245;23505;22546;20542;19078;18624;18718;22986;18570;20669;22424;22390
5;Απασχολούμενοι στην παροχή υπηρεσιών και πωλητές;Κρήτης;Άνδρες;;5,15%;-16,78%;-45,93%;-47,60%;-19,11%;-11,05%;466,78%;-82,62%;117,04%;155,16%;6,61%;8486;8923;7426;4015;2104;1702;1514;8581;1491;3236;8257;8803
5;Απασχολούμενοι στην παροχή υπηρεσιών και πωλητές;Κρήτης;Γυναίκες;;2,44%;-11,71%;-38,91%;-33,62%;-5,11%;-2,66%;185,24%;-67,55%;46,15%;108,48%;5,26%;13919;14259;12589;7690;5105;4844;4715;13449;4364;6378;13297;13997
5;Απασχολούμενοι στην παροχή υπηρεσιών και πωλητές;Νοτίου Αιγαίου;Άνδρες;;6,62%;-17,76%;-50,97%;-61,19%;-32,58%;-16,67%;1053,23%;-90,62%;231,86%;198,84%;6,68%;6934;7393;6080;2981;1157;780;650;7496;703;2333;6972;7438
5;Απασχολούμενοι στην παροχή υπηρεσιών και πωλητές;Νοτίου Αιγαίου;Γυναίκες;;3,75%;-13,92%;-46,18%;-48,37%;-24,70%;-6,49%;467,75%;-82,06%;106,86%;162,58%;5,92%;10963;11374;9791;5270;2721;2049;1916;10878;1952;4038;10603;11231
5;Απασχολούμενοι στην παροχή υπηρεσιών και πωλητές;Πελοποννήσου;Άνδρες;;5,52%;-16,17%;-15,89%;-20,69%;-10,14%;-6,61%;105,29%;-48,89%;33,04%;39,17%;4,60%;2825;2981;2499;2102;1667;1498;1399;2872;1468;1953;2718;2843
5;Απασχολούμενοι στην παροχή υπηρεσιών και πωλητές;Πελοποννήσου;Γυναίκες;;2,62%;-8,63%;-8,57%;-7,25%;-2,35%;-1,26%;29,71%;-22,71%;8,13%;15,25%;1,46%;6146;6307;5763;5269;4887;4772;4712;6112;4724;5108;5887;5973
5;Απασχολούμενοι στην παροχή υπηρεσιών και πωλητές;Στερεάς Ελλάδας;Άνδρες;;2,38%;-10,76%;-14,71%;-17,54%;-9,44%;-3,77%;71,67%;-38,45%;31,55%;30,28%;-0,83%;2143;2194;1958;1670;1377;1247;1200;2060;1268;1668;2173;2155
5;Απασχολούμενοι στην παροχή υπηρεσιών και πωλητές;Στερεάς Ελλάδας;Γυναίκες;;1,16%;-4,90%;-7,00%;-6,37%;-1,85%;0,26%;20,74%;-18,29%;7,64%;9,99%;-0,60%;5685;5751;5469;5086;4762;4674;4686;5658;4623;4976;5473;5440
9;Ανειδίκευτοι εργάτες, χειρωνάκτες και μικροεπαγγελματίες;Ανατολικής Μακεδονίας & Θράκης;Άνδρες;;3,37%;-6,53%;-7,24%;-5,64%;-1,97%;-1,80%;36,90%;-30,35%;2,20%;9,83%;5,92%;4091;4229;3953;3667;3460;3392;3331;4560;3176;3246;3565;3776
9;Ανειδίκευτοι εργάτες, χειρωνάκτες και μικροεπαγγελματίες;Ανατολικής Μακεδονίας & Θράκης;Γυναίκες;;1,74%;-4,45%;-6,22%;-3,74%;-3,23%;7,05%;20,36%;-25,27%;8,69%;4,77%;1,33%;7645;7778;7432;6970;6709;6492;6950;8365;6251;6794;7118;7213
9;Ανειδίκευτοι εργάτες, χειρωνάκτες και μικροεπαγγελματίες;Αττικής;Άνδρες;;2,47%;-5,70%;-5,03%;-4,50%;-1,92%;0,80%;27,05%;-23,52%;2,63%;4,53%;0,80%;15057;15429;14550;13818;13196;12942;13046;16575;12677;13010;13600;13709
9;Ανειδίκευτοι εργάτες, χειρωνάκτες και μικροεπαγγελματίες;Αττικής;Γυναίκες;;1,58%;-4,27%;-3,93%;-3,40%;-0,52%;8,70%;12,41%;-20,93%;1,29%;3,33%;-0,61%;32556;33071;31658;30414;29381;29228;31770;35713;28237;28602;29554;29373
9;Ανειδίκευτοι εργάτες, χειρωνάκτες και μικροεπαγγελματίες;Βορείου Αιγαίου;Άνδρες;;1,67%;-3,37%;-9,62%;-6,68%;-8,28%;-3,05%;43,40%;-32,46%;11,17%;10,40%;1,16%;1079;1097;1060;958;894;820;795;1140;770;856;945;956
9;Ανειδίκευτοι εργάτες, χειρωνάκτες και μικροεπαγγελματίες;Βορείου Αιγαίου;Γυναίκες;;1,38%;-4,79%;-17,48%;-19,89%;-15,42%;12,59%;73,41%;-47,06%;28,90%;20,38%;2,56%;2531;2566;2443;2016;1615;1366;1538;2667;1412;1820;2191;2247
9;Ανειδίκευτοι εργάτες, χειρωνάκτες και μικροεπαγγελματίες;Δυτικής Ελλάδας;Άνδρες;;0,95%;-3,47%;-6,59%;-4,39%;-2,49%;-0,66%;13,40%;-13,14%;4,45%;6,37%;0,95%;5029;5077;4901;4578;4377;4268;4240;4808;4176;4362;4640;4684
9;Ανειδίκευτοι εργάτες, χειρωνάκτες και μικροεπαγγελματίες;Δυτικής Ελλάδας;Γυναίκες;;0,50%;-3,56%;-5,88%;-5,51%;-1,94%;7,52%;4,45%;-10,07%;6,23%;6,67%;-0,21%;9139;9185;8858;8337;7878;7725;8306;8676;7802;8288;8841;8822
9;Ανειδίκευτοι εργάτες, χειρωνάκτες και μικροεπαγγελματίες;Δυτικής Μακεδονίας;Άνδρες;;0,49%;-4,23%;-6,40%;-9,87%;-7,66%;-3,35%;34,61%;-28,17%;3,89%;10,94%;10,60%;1834;1843;1765;1652;1489;1375;1329;1789;1285;1335;1481;1638
9;Ανειδίκευτοι εργάτες, χειρωνάκτες και μικροεπαγγελματίες;Δυτικής Μακεδονίας;Γυναίκες;;-0,96%;-0,73%;-2,42%;-5,36%;-3,71%;8,07%;-3,87%;-5,82%;3,53%;3,11%;1,78%;3444;3411;3386;3304;3127;3011;3254;3128;2946;3050;3145;3201
9;Ανειδίκευτοι εργάτες, χειρωνάκτες και μικροεπαγγελματίες;Ηπείρου;Άνδρες;;2,44%;-5,11%;-7,22%;-6,54%;-3,08%;0,62%;17,51%;-18,48%;4,46%;9,34%;1,98%;1966;2014;1911;1773;1657;1606;1616;1899;1548;1617;1768;1803
9;Ανειδίκευτοι εργάτες, χειρωνάκτες και μικροεπαγγελματίες;Ηπείρου;Γυναίκες;;0,21%;-3,35%;-10,07%;-10,33%;-4,40%;12,23%;19,83%;-27,32%;13,33%;11,23%;0,74%;3845;3853;3724;3349;3003;2871;3222;3861;2806;3180;3537;3563
9;Ανειδίκευτοι εργάτες, χειρωνάκτες και μικροεπαγγελματίες;Θεσσαλίας;Άνδρες;;0,63%;-3,75%;-6,46%;-7,81%;-3,18%;-1,94%;35,74%;-27,32%;5,19%;6,55%;4,49%;4139;4165;4009;3750;3457;3347;3282;4455;3238;3406;3629;3792
9;Ανειδίκευτοι εργάτες, χειρωνάκτες και μικροεπαγγελματίες;Θεσσαλίας;Γυναίκες;;0,64%;-3,16%;-7,06%;-6,13%;-4,13%;9,69%;17,43%;-23,23%;7,83%;6,44%;-0,28%;7381;7428;7193;6685;6275;6016;6599;7749;5949;6415;6828;6809
9;Ανειδίκευτοι εργάτες, χειρωνάκτες και μικροεπαγγελματίες;Ιονίων Νήσων;Άνδρες;;6,97%;-16,68%;-38,63%;-42,28%;-12,71%;-5,75%;348,17%;-78,46%;90,74%;91,06%;11,61%;1894;2026;1688;1036;598;522;492;2205;475;906;1731;1932
9;Ανειδίκευτοι εργάτες, χειρωνάκτες και μικροεπαγγελματίες;Ιονίων Νήσων;Γυναίκες;;2,49%;-11,70%;-48,78%;-58,47%;-26,53%;12,80%;564,35%;-87,93%;247,13%;109,27%;4,93%;5855;6001;5299;2714;1127;828;934;6205;749;2600;5441;5709
9;Ανειδίκευτοι εργάτες, χειρωνάκτες και μικροεπαγγελματίες;Κεντρικής Μακεδονίας;Άνδρες;;2,10%;-5,34%;-7,00%;-6,62%;-5,41%;-1,38%;39,46%;-28,62%;5,09%;9,51%;3,18%;12674;12940;12249;11391;10637;10062;9923;13839;9878;10381;11368;11729
9;Ανειδίκευτοι εργάτες, χειρωνάκτες και μικροεπαγγελματίες;Κεντρικής Μακεδονίας;Γυναίκες;;0,78%;-3,78%;-7,02%;-7,83%;-6,44%;6,57%;29,68%;-27,71%;8,64%;7,79%;1,64%;26101;26305;25311;23535;21692;20296;21629;28048;20276;22027;23743;24132
9;Ανειδίκευτοι εργάτες, χειρωνάκτες και μικροεπαγγελματίες;Κρήτης;Άνδρες;;5,79%;-16,36%;-31,36%;-21,69%;-6,02%;1,53%;142,83%;-60,11%;18,02%;74,79%;8,19%;4228;4473;3741;2568;2011;1890;1919;4660;1859;2194;3835;4149
9;Ανειδίκευτοι εργάτες, χειρωνάκτες και μικροεπαγγελματίες;Κρήτης;Γυναίκες;;2,63%;-15,56%;-43,05%;-34,91%;-10,65%;18,29%;218,88%;-74,30%;50,52%;118,92%;5,56%;10760;11043;9325;5311;3457;3089;3654;11652;2995;4508;9869;10418
9;Ανειδίκευτοι εργάτες, χειρωνάκτες και μικροεπαγγελματίες;Νοτίου Αιγαίου;Άνδρες;;8,11%;-17,38%;-39,01%;-35,97%;-13,49%;-9,07%;345,50%;-79,25%;49,34%;134,89%;10,32%;2996;3239;2676;1632;1045;904;822;3662;760;1135;2666;2941
9;Ανειδίκευτοι εργάτες, χειρωνάκτες και μικροεπαγγελματίες;Νοτίου Αιγαίου;Γυναίκες;;3,34%;-16,22%;-50,79%;-44,82%;-24,53%;14,57%;435,73%;-84,50%;125,07%;142,11%;6,89%;8740;9032;7567;3724;2055;1551;1777;9520;1476;3322;8043;8597
9;Ανειδίκευτοι εργάτες, χειρωνάκτες και μικροεπαγγελματίες;Πελοποννήσου;Άνδρες;;1,72%;-5,30%;-7,05%;-5,28%;-3,43%;-0,73%;31,12%;-26,56%;3,40%;9,86%;2,40%;2857;2906;2752;2558;2423;2340;2323;3046;2237;2313;2541;2602
9;Ανειδίκευτοι εργάτες, χειρωνάκτες και μικροεπαγγελματίες;Πελοποννήσου;Γυναίκες;;2,60%;-10,81%;-9,75%;-9,91%;-5,27%;9,01%;34,74%;-32,95%;12,06%;17,53%;3,76%;5998;6154;5489;4954;4463;4228;4609;6210;4164;4666;5484;5690
9;Ανειδίκευτοι εργάτες, χειρωνάκτες και μικροεπαγγελματίες;Στερεάς Ελλάδας;Άνδρες;;3,83%;-6,48%;-6,11%;-5,15%;-2,81%;-1,15%;45,53%;-33,08%;5,11%;7,72%;1,27%;3001;3116;2914;2736;2595;2522;2493;3628;2428;2552;2749;2784
9;Ανειδίκευτοι εργάτες, χειρωνάκτες και μικροεπαγγελματίες;Στερεάς Ελλάδας;Γυναίκες;;0,73%;-3,90%;-5,60%;-6,94%;-5,85%;7,88%;20,37%;-24,74%;7,85%;7,50%;1,00%;6054;6098;5860;5532;5148;4847;5229;6294;4737;5109;5492;5547
4;Υπάλληλοι γραφείου;Ανατολικής Μακεδονίας & Θράκης;Άνδρες;;-0,89%;0,45%;-5,15%;-5,79%;-2,01%;-3,58%;62,47%;-40,08%;4,63%;7,55%;4,96%;897;889;893;847;798;782;754;1225;734;768;826;867
4;Υπάλληλοι γραφείου;Ανατολικής Μακεδονίας & Θράκης;Γυναίκες;;1,78%;-2,06%;-2,70%;-2,78%;-1,79%;-1,08%;30,49%;-27,50%;2,96%;0,70%;0,98%;3194;3251;3184;3098;3012;2958;2926;3818;2768;2850;2870;2898
4;Υπάλληλοι γραφείου;Αττικής;Άνδρες;;2,63%;-4,88%;-3,80%;-4,14%;-0,49%;-0,61%;46,56%;-34,39%;2,33%;4,35%;1,17%;9267;9511;9047;8703;8343;8302;8251;12093;7934;8119;8472;8571
4;Υπάλληλοι γραφείου;Αττικής;Γυναίκες;;2,35%;-4,19%;-2,59%;-2,04%;0,22%;1,31%;31,11%;-27,47%;-0,23%;1,04%;-0,34%;29621;30316;29046;28294;27717;27779;28144;36901;26763;26702;26979;26888
4;Υπάλληλοι γραφείου;Βορείου Αιγαίου;Άνδρες;;0,64%;-2,85%;-4,23%;-13,61%;-9,45%;-6,09%;121,76%;-55,11%;15,81%;15,66%;3,47%;314;316;307;294;254;230;216;479;215;249;288;298
4;Υπάλληλοι γραφείου;Βορείου Αιγαίου;Γυναίκες;;0,62%;-0,69%;-5,80%;-9,52%;-4,99%;-1,81%;70,46%;-42,93%;10,39%;6,88%;1,44%;1295;1303;1294;1219;1103;1048;1029;1754;1001;1105;1181;1198
4;Υπάλληλοι γραφείου;Δυτικής Ελλάδας;Άνδρες;;0,00%;-2,12%;-3,86%;-4,76%;0,13%;-1,84%;61,52%;-39,91%;3,22%;4,90%;1,15%;2543;2543;2489;2393;2279;2282;2240;3618;2174;2244;2354;2381
4;Υπάλληλοι γραφείου;Δυτικής Ελλάδας;Γυναίκες;;1,08%;-1,24%;-1,67%;-2,40%;-1,01%;-1,57%;35,47%;-27,38%;-0,14%;0,80%;-0,41%;7201;7279;7189;7069;6899;6829;6722;9106;6613;6604;6657;6630
4;Υπάλληλοι γραφείου;Δυτικής Μακεδονίας;Άνδρες;;0,92%;0,91%;-5,07%;-6,30%;1,22%;-5,63%;48,61%;-34,15%;0,00%;2,83%;1,69%;542;547;552;524;491;497;469;697;459;459;472;480
4;Υπάλληλοι γραφείου;Δυτικής Μακεδονίας;Γυναίκες;;-0,86%;0,52%;-0,22%;-1,65%;-1,99%;-3,43%;21,20%;-19,57%;-0,77%;-0,82%;1,80%;2314;2294;2306;2301;2263;2218;2142;2596;2088;2072;2055;2092
4;Υπάλληλοι γραφείου;Ηπείρου;Άνδρες;;0,74%;-2,19%;-5,82%;-6,02%;-1,01%;-1,70%;56,33%;-35,92%;6,75%;4,21%;2,80%;680;685;670;631;593;587;577;902;578;617;643;661
4;Υπάλληλοι γραφείου;Ηπείρου;Γυναίκες;;1,63%;-2,55%;-4,07%;-4,40%;-0,42%;2,44%;23,52%;-21,98%;3,92%;2,07%;-1,47%;2083;2117;2063;1979;1892;1884;1930;2384;1860;1933;1973;1944
4;Υπάλληλοι γραφείου;Θεσσαλίας;Άνδρες;;3,81%;-7,04%;-5,80%;-9,24%;-1,13%;-2,19%;65,59%;-42,55%;6,05%;7,25%;2,16%;1286;1335;1241;1169;1061;1049;1026;1699;976;1035;1110;1134
4;Υπάλληλοι γραφείου;Θεσσαλίας;Γυναίκες;;0,88%;-1,79%;-2,89%;-3,42%;-1,21%;-0,02%;22,85%;-20,34%;1,93%;1,85%;0,29%;4440;4479;4399;4272;4126;4076;4075;5006;3988;4065;4140;4152
4;Υπάλληλοι γραφείου;Ιονίων Νήσων;Άνδρες;;5,78%;-12,30%;-32,25%;-51,33%;-27,27%;-8,00%;421,74%;-81,56%;146,33%;97,71%;7,19%;899;951;834;565;275;200;184;960;177;436;862;924
4;Υπάλληλοι γραφείου;Ιονίων Νήσων;Γυναίκες;;2,93%;-10,03%;-29,99%;-47,08%;-19,97%;-5,91%;317,63%;-75,47%;92,16%;85,37%;6,03%;2218;2283;2054;1438;761;609;573;2393;587;1128;2091;2217
4;Υπάλληλοι γραφείου;Κεντρικής Μακεδονίας;Άνδρες;;1,71%;-4,91%;-6,70%;-5,82%;-2,07%;-1,13%;67,30%;-42,03%;7,16%;6,91%;1,24%;4148;4219;4012;3743;3525;3452;3413;5710;3310;3547;3792;3839
4;Υπάλληλοι γραφείου;Κεντρικής Μακεδονίας;Γυναίκες;;1,45%;-2,20%;-3,14%;-3,85%;-1,42%;-0,23%;36,20%;-28,58%;2,71%;2,87%;0,06%;12899;13086;12798;12396;11919;11750;11723;15967;11403;11712;12048;12055
4;Υπάλληλοι γραφείου;Κρήτης;Άνδρες;;3,24%;-10,63%;-33,54%;-33,75%;-8,64%;-4,97%;196,17%;-66,62%;34,45%;100,00%;8,30%;2223;2295;2051;1363;903;825;784;2322;775;1042;2084;2257
4;Υπάλληλοι γραφείου;Κρήτης;Γυναίκες;;1,99%;-8,42%;-25,15%;-23,60%;-7,49%;-3,11%;121,54%;-56,81%;19,25%;62,13%;6,21%;5274;5379;4926;3687;2817;2606;2525;5594;2416;2881;4671;4961
4;Υπάλληλοι γραφείου;Νοτίου Αιγαίου;Άνδρες;;6,36%;-16,75%;-37,74%;-47,03%;-24,14%;-10,80%;493,95%;-83,65%;108,52%;135,53%;7,21%;1589;1690;1407;876;464;352;314;1865;305;636;1498;1606
4;Υπάλληλοι γραφείου;Νοτίου Αιγαίου;Γυναίκες;;3,67%;-11,00%;-32,01%;-35,98%;-17,27%;-6,60%;269,52%;-74,36%;59,67%;97,50%;8,36%;3921;4065;3618;2460;1575;1303;1217;4497;1153;1841;3636;3940
4;Υπάλληλοι γραφείου;Πελοποννήσου;Άνδρες;;3,99%;-5,76%;-9,51%;-4,82%;-4,39%;-2,83%;63,03%;-40,45%;9,86%;8,75%;3,97%;1052;1094;1031;933;888;849;825;1345;801;880;957;995
4;Υπάλληλοι γραφείου;Πελοποννήσου;Γυναίκες;;0,76%;-2,31%;-3,90%;-4,49%;-1,32%;-1,77%;33,03%;-25,32%;2,57%;4,83%;-0,94%;3177;3201;3127;3005;2870;2832;2782;3701;2764;2835;2972;2944
4;Υπάλληλοι γραφείου;Στερεάς Ελλάδας;Άνδρες;;2,18%;-2,96%;-5,62%;-8,15%;-0,14%;-0,71%;74,01%;-43,51%;8,38%;6,93%;-1,37%;826;844;819;773;710;709;704;1225;692;750;802;791
4;Υπάλληλοι γραφείου;Στερεάς Ελλάδας;Γυναίκες;;0,00%;-1,14%;-1,24%;-2,50%;-0,50%;-0,94%;23,03%;-21,34%;2,91%;0,95%;-0,32%;3600;3600;3559;3515;3427;3410;3378;4156;3269;3364;3396;3385
7;Ειδικευμένοι τεχνίτες και ασκούντες συναφή επαγγέλματα;Ανατολικής Μακεδονίας & Θράκης;Άνδρες;;0,85%;-1,53%;-8,55%;-3,01%;-1,75%;-0,26%;54,52%;-39,73%;-1,13%;5,02%;7,92%;1755;1770;1743;1594;1546;1519;1515;2341;1411;1395;1465;1581
7;Ειδικευμένοι τεχνίτες και ασκούντες συναφή επαγγέλματα;Ανατολικής Μακεδονίας & Θράκης;Γυναίκες;;3,19%;-7,07%;-1,07%;-0,11%;0,65%;0,43%;23,18%;-23,52%;-2,39%;0,93%;7,40%;973;1004;933;923;922;928;932;1148;878;857;865;929
7;Ειδικευμένοι τεχνίτες και ασκούντες συναφή επαγγέλματα;Αττικής;Άνδρες;;3,05%;-4,49%;-3,72%;-3,39%;-1,20%;0,82%;63,33%;-40,15%;-1,60%;1,39%;-0,77%;8458;8716;8325;8015;7743;7650;7713;12598;7540;7419;7522;7464
7;Ειδικευμένοι τεχνίτες και ασκούντες συναφή επαγγέλματα;Αττικής;Γυναίκες;;1,36%;-3,17%;-1,28%;-1,40%;-1,05%;2,36%;34,12%;-27,92%;-0,54%;-0,65%;-1,36%;3983;4037;3909;3859;3805;3765;3854;5169;3726;3706;3682;3632
7;Ειδικευμένοι τεχνίτες και ασκούντες συναφή επαγγέλματα;Βορείου Αιγαίου;Άνδρες;;-3,08%;0,93%;-5,56%;-10,78%;-3,52%;-6,15%;77,43%;-44,05%;2,93%;1,19%;2,35%;552;535;540;510;455;439;412;731;409;421;426;436
7;Ειδικευμένοι τεχνίτες και ασκούντες συναφή επαγγέλματα;Βορείου Αιγαίου;Γυναίκες;;-1,61%;3,28%;-2,38%;-7,32%;-12,28%;-1,00%;71,72%;-45,88%;2,17%;9,57%;0,00%;124;122;126;123;114;100;99;170;92;94;103;103
7;Ειδικευμένοι τεχνίτες και ασκούντες συναφή επαγγέλματα;Δυτικής Ελλάδας;Άνδρες;;0,23%;-1,60%;-4,76%;-1,58%;-3,03%;-1,30%;53,72%;-37,13%;-0,03%;1,98%;0,87%;3431;3439;3384;3223;3172;3076;3036;4667;2934;2933;2991;3017
7;Ειδικευμένοι τεχνίτες και ασκούντες συναφή επαγγέλματα;Δυτικής Ελλάδας;Γυναίκες;;1,75%;-3,89%;-2,38%;-2,44%;0,00%;2,25%;4,77%;-9,92%;2,72%;0,76%;-2,25%;859;874;840;820;800;800;818;857;772;793;799;781
7;Ειδικευμένοι τεχνίτες και ασκούντες συναφή επαγγέλματα;Δυτικής Μακεδονίας;Άνδρες;;-0,85%;-2,85%;-5,79%;-8,24%;-4,15%;-5,04%;107,17%;-54,34%;0,69%;5,18%;9,11%;1417;1405;1365;1286;1180;1131;1074;2225;1016;1023;1076;1174
7;Ειδικευμένοι τεχνίτες και ασκούντες συναφή επαγγέλματα;Δυτικής Μακεδονίας;Γυναίκες;;1,24%;-1,53%;0,78%;-2,62%;-2,54%;-0,98%;29,39%;-29,70%;-0,72%;2,36%;1,24%;645;653;643;648;631;615;609;788;554;550;563;570
7;Ειδικευμένοι τεχνίτες και ασκούντες συναφή επαγγέλματα;Ηπείρου;Άνδρες;;-2,94%;2,05%;-2,52%;-3,81%;-5,23%;-4,85%;59,79%;-44,12%;-0,69%;3,07%;2,88%;1360;1320;1347;1313;1263;1197;1139;1820;1017;1010;1041;1071
7;Ειδικευμένοι τεχνίτες και ασκούντες συναφή επαγγέλματα;Ηπείρου;Γυναίκες;;0,27%;-1,10%;-5,82%;-0,29%;-1,77%;5,71%;36,08%;-34,66%;-3,19%;-2,31%;0,00%;364;365;361;340;339;333;352;479;313;303;296;296
7;Ειδικευμένοι τεχνίτες και ασκούντες συναφή επαγγέλματα;Θεσσαλίας;Άνδρες;;0,18%;-2,09%;-5,62%;-3,94%;-2,30%;-2,31%;61,11%;-39,73%;-0,83%;4,90%;2,66%;2196;2200;2154;2033;1953;1908;1864;3003;1810;1795;1883;1933
7;Ειδικευμένοι τεχνίτες και ασκούντες συναφή επαγγέλματα;Θεσσαλίας;Γυναίκες;;-0,25%;-3,38%;-3,10%;-3,87%;-2,08%;2,84%;19,59%;-17,42%;3,91%;3,23%;-1,17%;802;800;773;749;720;705;725;867;716;744;768;759
7;Ειδικευμένοι τεχνίτες και ασκούντες συναφή επαγγέλματα;Ιονίων Νήσων;Άνδρες;;8,98%;-15,90%;-21,13%;-18,08%;-6,65%;-6,55%;207,32%;-67,96%;17,03%;49,21%;11,17%;635;692;582;459;376;351;328;1008;323;378;564;627
7;Ειδικευμένοι τεχνίτες και ασκούντες συναφή επαγγέλματα;Ιονίων Νήσων;Γυναίκες;;2,59%;-8,40%;-27,52%;-27,85%;-3,51%;7,27%;218,64%;-70,74%;14,55%;50,79%;9,47%;116;119;109;79;57;55;59;188;55;63;95;104
7;Ειδικευμένοι τεχνίτες και ασκούντες συναφή επαγγέλματα;Κεντρικής Μακεδονίας;Άνδρες;;2,83%;-6,06%;-4,88%;-2,74%;-2,88%;-2,71%;64,97%;-40,74%;1,94%;3,62%;2,65%;6366;6546;6149;5849;5689;5525;5375;8867;5255;5357;5551;5698
7;Ειδικευμένοι τεχνίτες και ασκούντες συναφή επαγγέλματα;Κεντρικής Μακεδονίας;Γυναίκες;;0,45%;-1,00%;-2,55%;-2,98%;-4,32%;0,58%;22,63%;-20,50%;2,47%;1,29%;0,46%;3077;3091;3060;2982;2893;2768;2784;3414;2714;2781;2817;2830
7;Ειδικευμένοι τεχνίτες και ασκούντες συναφή επαγγέλματα;Κρήτης;Άνδρες;;5,94%;-13,45%;-18,98%;-10,63%;-3,42%;-1,13%;126,22%;-57,20%;7,91%;37,57%;6,86%;1937;2052;1776;1439;1286;1242;1228;2778;1189;1283;1765;1886
7;Ειδικευμένοι τεχνίτες και ασκούντες συναφή επαγγέλματα;Κρήτης;Γυναίκες;;4,08%;-12,69%;-24,15%;-8,73%;-6,79%;4,30%;93,97%;-51,23%;7,38%;46,56%;2,99%;515;536;468;355;324;302;315;611;298;320;469;483
7;Ειδικευμένοι τεχνίτες και ασκούντες συναφή επαγγέλματα;Νοτίου Αιγαίου;Άνδρες;;11,71%;-21,21%;-33,27%;-23,47%;-7,21%;-0,65%;253,48%;-71,46%;20,91%;85,03%;15,61%;1110;1240;977;652;499;463;460;1626;464;561;1038;1200
7;Ειδικευμένοι τεχνίτες και ασκούντες συναφή επαγγέλματα;Νοτίου Αιγαίου;Γυναίκες;;5,02%;-13,69%;-36,90%;-19,30%;-15,22%;10,26%;127,91%;-62,93%;26,61%;112,32%;4,10%;299;314;271;171;138;117;129;294;109;138;293;305
7;Ειδικευμένοι τεχνίτες και ασκούντες συναφή επαγγέλματα;Πελοποννήσου;Άνδρες;;-0,37%;-2,05%;-3,23%;-4,26%;-5,20%;-1,59%;53,63%;-37,15%;0,08%;2,13%;0,67%;1616;1610;1577;1526;1461;1385;1363;2094;1316;1317;1345;1354
7;Ειδικευμένοι τεχνίτες και ασκούντες συναφή επαγγέλματα;Πελοποννήσου;Γυναίκες;;0,23%;-1,13%;-3,21%;-4,74%;-2,49%;1,28%;30,48%;-26,06%;3,92%;2,26%;-0,98%;440;441;436;422;402;392;397;518;383;398;407;403
7;Ειδικευμένοι τεχνίτες και ασκούντες συναφή επαγγέλματα;Στερεάς Ελλάδας;Άνδρες;;1,89%;-4,98%;-5,15%;-2,81%;-2,70%;6,63%;53,30%;-37,92%;0,68%;3,59%;2,99%;1163;1185;1126;1068;1038;1010;1077;1651;1025;1032;1069;1101
7;Ειδικευμένοι τεχνίτες και ασκούντες συναφή επαγγέλματα;Στερεάς Ελλάδας;Γυναίκες;;3,86%;-7,42%;-3,76%;-2,60%;-1,34%;-0,27%;30,16%;-28,60%;1,75%;6,61%;1,08%;415;431;399;384;374;369;368;479;342;348;371;375
8;Χειριστές βιομηχανικών εγκαταστάσεων, μηχανημάτων και εξοπλισμού και συναρμολογητές (μονταδόροι);Ανατολικής Μακεδονίας & Θράκης;Άνδρες;;2,78%;-6,61%;-9,97%;-6,36%;8,63%;4,01%;-1,76%;-11,21%;3,80%;7,99%;11,26%;1619;1664;1554;1399;1310;1423;1480;1454;1291;1340;1447;1610
8;Χειριστές βιομηχανικών εγκαταστάσεων, μηχανημάτων και εξοπλισμού και συναρμολογητές (μονταδόροι);Ανατολικής Μακεδονίας & Θράκης;Γυναίκες;;3,91%;-2,45%;-0,58%;-5,24%;2,05%;5,42%;-16,57%;27,85%;-8,39%;1,56%;5,57%;511;531;518;515;488;498;525;438;560;513;521;550
8;Χειριστές βιομηχανικών εγκαταστάσεων, μηχανημάτων και εξοπλισμού και συναρμολογητές (μονταδόροι);Αττικής;Άνδρες;;3,17%;-6,63%;-6,87%;-6,85%;6,18%;5,09%;9,22%;-19,61%;2,56%;8,26%;1,47%;6815;7031;6565;6114;5695;6047;6355;6941;5580;5723;6196;6287
8;Χειριστές βιομηχανικών εγκαταστάσεων, μηχανημάτων και εξοπλισμού και συναρμολογητές (μονταδόροι);Αττικής;Γυναίκες;;3,06%;-4,09%;-4,27%;-2,97%;0,20%;1,20%;10,70%;-12,75%;2,38%;4,18%;0,51%;1636;1686;1617;1548;1502;1505;1523;1686;1471;1506;1569;1577
8;Χειριστές βιομηχανικών εγκαταστάσεων, μηχανημάτων και εξοπλισμού και συναρμολογητές (μονταδόροι);Βορείου Αιγαίου;Άνδρες;;0,00%;-2,39%;-7,65%;-20,53%;-9,17%;-4,59%;71,63%;-40,06%;22,43%;21,76%;-0,31%;335;335;327;302;240;218;208;357;214;262;319;318
8;Χειριστές βιομηχανικών εγκαταστάσεων, μηχανημάτων και εξοπλισμού και συναρμολογητές (μονταδόροι);Βορείου Αιγαίου;Γυναίκες;;2,35%;-10,34%;-19,23%;-26,98%;-13,04%;10,00%;70,45%;-48,00%;28,21%;66,00%;-3,61%;85;87;78;63;46;40;44;75;39;50;83;80
8;Χειριστές βιομηχανικών εγκαταστάσεων, μηχανημάτων και εξοπλισμού και συναρμολογητές (μονταδόροι);Δυτικής Ελλάδας;Άνδρες;;1,99%;-5,04%;-8,87%;-13,91%;0,06%;0,52%;28,64%;-18,34%;9,77%;11,11%;0,72%;2257;2302;2186;1992;1715;1716;1725;2219;1812;1989;2210;2226
8;Χειριστές βιομηχανικών εγκαταστάσεων, μηχανημάτων και εξοπλισμού και συναρμολογητές (μονταδόροι);Δυτικής Ελλάδας;Γυναίκες;;4,78%;-4,77%;-2,40%;-1,56%;26,76%;-3,94%;-26,07%;42,82%;0,18%;-4,58%;-9,96%;460;482;459;448;441;559;537;397;567;568;542;488
8;Χειριστές βιομηχανικών εγκαταστάσεων, μηχανημάτων και εξοπλισμού και συναρμολογητές (μονταδόροι);Δυτικής Μακεδονίας;Άνδρες;;2,34%;-5,90%;-10,88%;-8,91%;1,58%;-5,59%;71,22%;-45,44%;8,27%;11,87%;13,66%;811;830;781;696;634;644;608;1041;568;615;688;782
8;Χειριστές βιομηχανικών εγκαταστάσεων, μηχανημάτων και εξοπλισμού και συναρμολογητές (μονταδόροι);Δυτικής Μακεδονίας;Γυναίκες;;4,40%;-6,63%;6,45%;-9,70%;-5,37%;-6,38%;-2,27%;-3,88%;4,03%;10,08%;-1,41%;159;166;155;165;149;141;132;129;124;129;142;140
8;Χειριστές βιομηχανικών εγκαταστάσεων, μηχανημάτων και εξοπλισμού και συναρμολογητές (μονταδόροι);Ηπείρου;Άνδρες;;2,00%;-4,62%;-10,18%;-8,50%;-4,57%;-1,85%;38,74%;-24,29%;11,69%;8,99%;0,86%;848;865;825;741;678;647;635;881;667;745;812;819
8;Χειριστές βιομηχανικών εγκαταστάσεων, μηχανημάτων και εξοπλισμού και συναρμολογητές (μονταδόροι);Ηπείρου;Γυναίκες;;8,28%;-16,56%;-1,53%;-5,43%;4,92%;2,34%;-13,74%;13,27%;3,12%;0,00%;-4,55%;145;157;131;129;122;128;131;113;128;132;132;126
8;Χειριστές βιομηχανικών εγκαταστάσεων, μηχανημάτων και εξοπλισμού και συναρμολογητές (μονταδόροι);Θεσσαλίας;Άνδρες;;3,40%;-9,23%;-11,10%;-9,99%;-6,50%;-2,11%;46,17%;-29,90%;9,42%;13,80%;5,50%;1824;1886;1712;1522;1370;1281;1254;1833;1285;1406;1600;1688
8;Χειριστές βιομηχανικών εγκαταστάσεων, μηχανημάτων και εξοπλισμού και συναρμολογητές (μονταδόροι);Θεσσαλίας;Γυναίκες;;4,78%;-7,37%;-9,26%;-7,18%;-21,31%;4,15%;43,82%;-30,47%;17,40%;14,64%;7,48%;712;746;691;627;582;458;477;686;477;560;642;690
8;Χειριστές βιομηχανικών εγκαταστάσεων, μηχανημάτων και εξοπλισμού και συναρμολογητές (μονταδόροι);Ιονίων Νήσων;Άνδρες;;5,03%;-16,48%;-41,30%;-57,28%;-21,71%;-13,37%;535,43%;-83,63%;139,56%;150,92%;13,53%;1173;1232;1029;604;258;202;175;1112;182;436;1094;1242
8;Χειριστές βιομηχανικών εγκαταστάσεων, μηχανημάτων και εξοπλισμού και συναρμολογητές (μονταδόροι);Ιονίων Νήσων;Γυναίκες;;1,37%;-10,14%;-43,61%;-56,00%;-36,36%;-4,76%;585,00%;-86,13%;205,26%;174,14%;8,81%;146;148;133;75;33;21;20;137;19;58;159;173
8;Χειριστές βιομηχανικών εγκαταστάσεων, μηχανημάτων και εξοπλισμού και συναρμολογητές (μονταδόροι);Κεντρικής Μακεδονίας;Άνδρες;;2,91%;-9,30%;-10,57%;-9,34%;-4,10%;-0,94%;29,38%;-24,81%;11,65%;12,41%;8,26%;5119;5268;4778;4273;3874;3715;3680;4761;3580;3997;4493;4864
8;Χειριστές βιομηχανικών εγκαταστάσεων, μηχανημάτων και εξοπλισμού και συναρμολογητές (μονταδόροι);Κεντρικής Μακεδονίας;Γυναίκες;;1,46%;-5,79%;-1,91%;-7,10%;-12,96%;2,13%;14,31%;-11,88%;2,40%;4,82%;8,14%;1922;1950;1837;1802;1674;1457;1488;1701;1499;1535;1609;1740
8;Χειριστές βιομηχανικών εγκαταστάσεων, μηχανημάτων και εξοπλισμού και συναρμολογητές (μονταδόροι);Κρήτης;Άνδρες;;4,84%;-14,37%;-36,45%;-34,75%;-5,13%;-2,16%;165,48%;-64,60%;32,03%;119,90%;6,89%;2356;2470;2115;1344;877;832;814;2161;765;1010;2221;2374
8;Χειριστές βιομηχανικών εγκαταστάσεων, μηχανημάτων και εξοπλισμού και συναρμολογητές (μονταδόροι);Κρήτης;Γυναίκες;;-1,86%;-9,81%;-25,26%;-30,52%;-4,73%;2,13%;100,69%;-52,60%;15,33%;78,48%;6,38%;322;316;285;213;148;141;144;289;137;158;282;300
8;Χειριστές βιομηχανικών εγκαταστάσεων, μηχανημάτων και εξοπλισμού και συναρμολογητές (μονταδόροι);Νοτίου Αιγαίου;Άνδρες;;5,76%;-19,89%;-51,55%;-53,63%;-31,08%;-9,02%;677,59%;-87,53%;142,22%;238,17%;12,43%;1944;2056;1647;798;370;255;232;1804;225;545;1843;2072
8;Χειριστές βιομηχανικών εγκαταστάσεων, μηχανημάτων και εξοπλισμού και συναρμολογητές (μονταδόροι);Νοτίου Αιγαίου;Γυναίκες;;5,25%;-16,54%;-39,94%;-43,98%;-22,43%;-8,43%;768,42%;-88,64%;94,67%;139,04%;4,87%;362;381;318;191;107;83;76;660;75;146;349;366
8;Χειριστές βιομηχανικών εγκαταστάσεων, μηχανημάτων και εξοπλισμού και συναρμολογητές (μονταδόροι);Πελοποννήσου;Άνδρες;;0,42%;-4,47%;-8,12%;-14,73%;-3,55%;1,36%;29,99%;-24,69%;2,34%;16,11%;6,40%;1425;1431;1367;1256;1071;1033;1047;1361;1025;1049;1218;1296
8;Χειριστές βιομηχανικών εγκαταστάσεων, μηχανημάτων και εξοπλισμού και συναρμολογητές (μονταδόροι);Πελοποννήσου;Γυναίκες;;-0,87%;1,17%;3,19%;-5,62%;-6,55%;0,96%;-5,36%;-2,33%;25,26%;-21,80%;3,48%;344;341;345;356;336;314;317;300;293;367;287;297
8;Χειριστές βιομηχανικών εγκαταστάσεων, μηχανημάτων και εξοπλισμού και συναρμολογητές (μονταδόροι);Στερεάς Ελλάδας;Άνδρες;;3,31%;-7,02%;-8,04%;-9,37%;-2,66%;25,99%;-1,04%;-16,14%;4,45%;12,22%;2,15%;1269;1311;1219;1121;1016;989;1246;1233;1034;1080;1212;1238
8;Χειριστές βιομηχανικών εγκαταστάσεων, μηχανημάτων και εξοπλισμού και συναρμολογητές (μονταδόροι);Στερεάς Ελλάδας;Γυναίκες;;0,00%;-5,50%;-4,53%;-9,49%;-1,12%;-1,52%;-13,85%;17,86%;2,65%;14,39%;1,29%;327;327;309;295;267;264;260;224;264;271;310;314
2;Επαγγελματίες;Ανατολικής Μακεδονίας & Θράκης;Άνδρες;;2,27%;-1,92%;-1,51%;-4,13%;1,28%;7,24%;-20,85%;26,72%;-1,02%;1,33%;-1,61%;662;677;664;654;627;635;681;539;683;676;685;674
2;Επαγγελματίες;Ανατολικής Μακεδονίας & Θράκης;Γυναίκες;;0,00%;-0,59%;-2,88%;-0,41%;18,89%;6,48%;-15,17%;1,15%;-5,77%;-0,70%;-1,72%;1013;1013;1007;978;974;1158;1233;1046;1058;997;990;973
2;Επαγγελματίες;Αττικής;Άνδρες;;0,72%;-1,77%;-2,43%;-1,61%;5,99%;8,27%;-8,04%;-0,91%;-2,86%;0,25%;-0,36%;5396;5435;5339;5209;5125;5432;5881;5408;5359;5206;5219;5200
2;Επαγγελματίες;Αττικής;Γυναίκες;;1,79%;-3,06%;-0,99%;-0,79%;22,89%;12,61%;-17,22%;-2,38%;-8,59%;-0,48%;-0,56%;7952;8094;7846;7768;7707;9471;10665;8829;8619;7879;7841;7797
2;Επαγγελματίες;Βορείου Αιγαίου;Άνδρες;;3,48%;-4,62%;-11,89%;-10,00%;-0,56%;7,26%;-2,60%;1,60%;-4,21%;11,54%;1,48%;230;238;227;200;180;179;192;187;190;182;203;206
2;Επαγγελματίες;Βορείου Αιγαίου;Γυναίκες;;4,04%;-6,87%;0,00%;-4,49%;9,06%;3,08%;2,99%;-19,71%;-3,97%;7,14%;-1,40%;322;335;312;312;298;325;335;345;277;266;285;281
2;Επαγγελματίες;Δυτικής Ελλάδας;Άνδρες;;1,84%;-2,61%;-0,93%;-2,52%;0,38%;5,35%;-11,06%;4,79%;-1,56%;-0,20%;2,28%;1089;1109;1080;1070;1043;1047;1103;981;1028;1012;1010;1033
2;Επαγγελματίες;Δυτικής Ελλάδας;Γυναίκες;;-0,21%;-1,04%;-1,19%;-1,49%;18,73%;8,25%;-15,08%;-1,52%;-5,63%;-2,49%;-0,29%;1444;1441;1426;1409;1388;1648;1784;1515;1492;1408;1373;1369
2;Επαγγελματίες;Δυτικής Μακεδονίας;Άνδρες;;-3,21%;6,16%;1,79%;-3,29%;6,35%;-3,62%;-4,42%;-0,93%;-4,91%;-0,74%;0,74%;436;422;448;456;441;469;452;432;428;407;404;407
2;Επαγγελματίες;Δυτικής Μακεδονίας;Γυναίκες;;-1,50%;7,94%;-2,82%;-1,45%;11,27%;2,20%;-4,45%;-3,76%;-8,44%;1,02%;-0,84%;601;592;639;621;612;681;696;665;640;586;592;587
2;Επαγγελματίες;Ηπείρου;Άνδρες;;0,25%;-1,23%;1,50%;-6,63%;1,05%;12,24%;-17,40%;10,67%;-6,35%;5,15%;-5,15%;405;406;401;407;380;384;431;356;394;369;388;368
2;Επαγγελματίες;Ηπείρου;Γυναίκες;;0,20%;-2,64%;1,25%;-2,68%;16,95%;11,05%;-21,37%;7,05%;-9,11%;-0,64%;-1,93%;491;492;479;485;472;552;613;482;516;469;466;457
2;Επαγγελματίες;Θεσσαλίας;Άνδρες;;0,70%;-1,97%;-3,78%;-2,33%;2,14%;5,17%;-13,00%;5,65%;-3,69%;4,50%;0,51%;857;863;846;814;795;812;854;743;785;756;790;794
2;Επαγγελματίες;Θεσσαλίας;Γυναίκες;;1,66%;-3,17%;-0,89%;-0,54%;13,39%;9,11%;-3,12%;-9,97%;-5,75%;-0,62%;-1,96%;1147;1166;1129;1119;1113;1262;1377;1334;1201;1132;1125;1103
2;Επαγγελματίες;Ιονίων Νήσων;Άνδρες;;3,38%;-11,64%;-16,05%;-32,35%;-11,59%;12,30%;73,72%;-42,44%;22,63%;39,88%;3,40%;266;275;243;204;138;122;137;238;137;168;235;243
2;Επαγγελματίες;Ιονίων Νήσων;Γυναίκες;;0,41%;-0,82%;-13,69%;-21,15%;32,32%;10,14%;25,10%;-38,46%;2,72%;26,46%;0,84%;242;243;241;208;164;217;239;299;184;189;239;241
2;Επαγγελματίες;Κεντρικής Μακεδονίας;Άνδρες;;-0,10%;-2,92%;-2,87%;-2,84%;2,09%;4,21%;-4,61%;2,17%;-0,59%;4,06%;1,67%;2875;2872;2788;2708;2631;2686;2799;2670;2728;2712;2822;2869
2;Επαγγελματίες;Κεντρικής Μακεδονίας;Γυναίκες;;1,22%;-1,27%;-1,41%;-1,57%;14,93%;6,40%;-11,87%;-0,71%;-5,42%;-0,70%;-0,59%;4193;4244;4190;4131;4066;4673;4972;4382;4351;4115;4086;4062
2;Επαγγελματίες;Κρήτης;Άνδρες;;0,13%;-8,96%;-16,69%;-11,30%;3,86%;3,16%;34,41%;-30,70%;4,45%;29,26%;6,45%;769;770;701;584;518;538;555;746;517;540;698;743
2;Επαγγελματίες;Κρήτης;Γυναίκες;;-0,10%;-6,85%;-10,26%;-4,72%;33,64%;13,17%;-6,98%;-22,80%;-10,32%;13,39%;3,66%;964;963;897;805;767;1025;1160;1079;833;747;847;878
2;Επαγγελματίες;Νοτίου Αιγαίου;Άνδρες;;1,89%;-16,01%;-28,45%;-27,41%;-7,45%;-4,60%;107,83%;-52,46%;22,56%;77,11%;7,58%;423;431;362;259;188;174;166;345;164;201;356;383
2;Επαγγελματίες;Νοτίου Αιγαίου;Γυναίκες;;-0,21%;-4,80%;-19,08%;-18,16%;26,82%;6,27%;14,99%;-35,47%;1,99%;35,06%;3,12%;480;479;456;369;302;383;407;468;302;308;416;429
2;Επαγγελματίες;Πελοποννήσου;Άνδρες;;0,49%;-1,79%;-2,49%;-3,58%;2,83%;3,61%;-14,93%;15,40%;0,51%;3,87%;-1,78%;610;613;602;587;566;582;603;513;592;595;618;607
2;Επαγγελματίες;Πελοποννήσου;Γυναίκες;;2,31%;-2,12%;-1,08%;-0,27%;15,52%;5,59%;-14,19%;-3,67%;-5,18%;-0,72%;-0,29%;737;754;738;730;728;841;888;762;734;696;691;689
2;Επαγγελματίες;Στερεάς Ελλάδας;Άνδρες;;1,38%;-3,88%;-4,23%;-2,53%;2,59%;3,37%;-4,07%;0,85%;-4,21%;3,74%;3,81%;509;516;496;475;463;475;491;471;475;455;472;490
2;Επαγγελματίες;Στερεάς Ελλάδας;Γυναίκες;;2,06%;-2,29%;-1,65%;-1,54%;18,63%;8,51%;-6,74%;-9,24%;-4,05%;-0,27%;-2,32%;728;743;726;714;703;834;905;844;766;735;733;716
3;Τεχνικοί και ασκούντες συναφή επαγγέλματα;Ανατολικής Μακεδονίας & Θράκης;Άνδρες;;1,02%;-2,35%;-6,36%;-4,95%;2,70%;4,32%;-30,81%;35,94%;3,64%;6,84%;3,46%;590;596;582;545;518;532;555;384;522;541;578;598
3;Τεχνικοί και ασκούντες συναφή επαγγέλματα;Ανατολικής Μακεδονίας & Θράκης;Γυναίκες;;-2,15%;0,12%;-0,85%;-1,35%;-1,87%;2,67%;-38,99%;66,53%;1,95%;-0,72%;2,05%;837;819;820;813;802;787;808;493;821;837;831;848
3;Τεχνικοί και ασκούντες συναφή επαγγέλματα;Αττικής;Άνδρες;;1,33%;-2,73%;-2,67%;-4,83%;0,12%;3,72%;-8,43%;7,52%;0,40%;2,95%;2,66%;4594;4655;4528;4407;4194;4199;4355;3988;4288;4305;4432;4550
3;Τεχνικοί και ασκούντες συναφή επαγγέλματα;Αττικής;Γυναίκες;;0,41%;-1,71%;-1,69%;-1,52%;-0,43%;3,86%;-19,41%;24,17%;-1,23%;0,65%;0,89%;5824;5848;5748;5651;5565;5541;5755;4638;5759;5688;5725;5776
3;Τεχνικοί και ασκούντες συναφή επαγγέλματα;Βορείου Αιγαίου;Άνδρες;;1,38%;-2,73%;-6,54%;-11,50%;-1,69%;-8,05%;-6,25%;4,67%;10,19%;12,72%;8,72%;217;220;214;200;177;174;160;150;157;173;195;212
3;Τεχνικοί και ασκούντες συναφή επαγγέλματα;Βορείου Αιγαίου;Γυναίκες;;-1,60%;2,92%;-2,84%;-4,55%;-7,14%;-2,56%;-30,08%;39,25%;6,95%;6,86%;0,00%;313;308;317;308;294;273;266;186;259;277;296;296
3;Τεχνικοί και ασκούντες συναφή επαγγέλματα;Δυτικής Ελλάδας;Άνδρες;;1,79%;-4,14%;-5,05%;-3,38%;-2,70%;-0,21%;-11,96%;11,94%;2,62%;5,61%;1,93%;1116;1136;1089;1034;999;972;970;854;956;981;1036;1056
3;Τεχνικοί και ασκούντες συναφή επαγγέλματα;Δυτικής Ελλάδας;Γυναίκες;;-1,17%;0,64%;-1,99%;-1,66%;-0,85%;2,18%;-32,84%;52,35%;0,54%;0,45%;-0,36%;1110;1097;1104;1082;1064;1055;1078;724;1103;1109;1114;1110
3;Τεχνικοί και ασκούντες συναφή επαγγέλματα;Δυτικής Μακεδονίας;Άνδρες;;-5,00%;10,80%;-8,00%;1,90%;-0,53%;-4,29%;-30,81%;34,82%;1,50%;6,51%;0,00%;380;361;400;368;375;373;357;247;333;338;360;360
3;Τεχνικοί και ασκούντες συναφή επαγγέλματα;Δυτικής Μακεδονίας;Γυναίκες;;-3,03%;7,54%;1,54%;0,84%;-3,51%;-4,84%;-48,91%;97,86%;1,62%;-3,89%;1,10%;561;544;585;594;599;578;550;281;556;565;543;549
3;Τεχνικοί και ασκούντες συναφή επαγγέλματα;Ηπείρου;Άνδρες;;1,55%;-3,32%;-5,80%;-5,32%;1,78%;-1,16%;-22,94%;41,60%;-0,27%;4,86%;-2,06%;386;392;379;357;338;344;340;262;371;370;388;380
3;Τεχνικοί και ασκούντες συναφή επαγγέλματα;Ηπείρου;Γυναίκες;;-2,71%;3,48%;-3,59%;-4,42%;-2,19%;-0,50%;-26,50%;37,07%;4,22%;2,86%;0,46%;443;431;446;430;411;402;400;294;403;420;432;434
3;Τεχνικοί και ασκούντες συναφή επαγγέλματα;Θεσσαλίας;Άνδρες;;-2,65%;-3,09%;-3,96%;-4,65%;2,09%;1,37%;-24,80%;31,18%;2,19%;2,94%;2,60%;830;808;783;752;717;732;742;558;732;748;770;790
3;Τεχνικοί και ασκούντες συναφή επαγγέλματα;Θεσσαλίας;Γυναίκες;;-0,60%;1,91%;-3,75%;-1,33%;-0,52%;0,52%;-32,61%;48,38%;2,28%;-0,30%;-1,02%;1001;995;1014;976;963;958;963;649;963;985;982;972
3;Τεχνικοί και ασκούντες συναφή επαγγέλματα;Ιονίων Νήσων;Άνδρες;;4,04%;-10,60%;-28,46%;-27,62%;-12,98%;-6,14%;91,59%;-50,24%;46,08%;51,68%;5,75%;272;283;253;181;131;114;107;205;102;149;226;239
3;Τεχνικοί και ασκούντες συναφή επαγγέλματα;Ιονίων Νήσων;Γυναίκες;;-0,83%;-3,77%;-21,30%;-28,73%;-13,18%;5,36%;47,46%;-27,01%;18,90%;37,75%;5,77%;241;239;230;181;129;112;118;174;127;151;208;220
3;Τεχνικοί και ασκούντες συναφή επαγγέλματα;Κεντρικής Μακεδονίας;Άνδρες;;0,08%;-2,12%;-4,34%;-4,71%;-1,57%;2,15%;-13,58%;12,41%;2,58%;6,50%;3,41%;2493;2495;2442;2336;2226;2191;2238;1934;2174;2230;2375;2456
3;Τεχνικοί και ασκούντες συναφή επαγγέλματα;Κεντρικής Μακεδονίας;Γυναίκες;;0,79%;-0,67%;-2,81%;-2,92%;-0,39%;1,62%;-28,87%;40,95%;3,82%;1,72%;0,60%;3274;3300;3278;3186;3093;3081;3131;2227;3139;3259;3315;3335
3;Τεχνικοί και ασκούντες συναφή επαγγέλματα;Κρήτης;Άνδρες;;3,71%;-14,05%;-21,10%;-13,75%;-2,62%;2,02%;49,45%;-31,47%;12,45%;42,75%;7,62%;755;783;673;531;458;446;455;680;466;524;748;805
3;Τεχνικοί και ασκούντες συναφή επαγγέλματα;Κρήτης;Γυναίκες;;-1,01%;-2,04%;-15,84%;-10,03%;-4,43%;3,67%;0,15%;-1,38%;5,15%;22,85%;2,78%;892;883;865;728;655;626;649;650;641;674;828;851
3;Τεχνικοί και ασκούντες συναφή επαγγέλματα;Νοτίου Αιγαίου;Άνδρες;;1,12%;-11,06%;-37,31%;-33,33%;-8,33%;-2,60%;114,00%;-55,76%;26,06%;106,15%;13,82%;447;452;402;252;168;154;150;321;142;179;369;420
3;Τεχνικοί και ασκούντες συναφή επαγγέλματα;Νοτίου Αιγαίου;Γυναίκες;;-0,66%;-5,54%;-18,08%;-19,77%;-11,43%;-2,82%;33,20%;-28,66%;13,54%;36,54%;10,70%;454;451;426;349;280;248;241;321;229;260;355;393
3;Τεχνικοί και ασκούντες συναφή επαγγέλματα;Πελοποννήσου;Άνδρες;;1,87%;-4,67%;-1,22%;-3,36%;-2,38%;-1,13%;-25,05%;34,68%;3,57%;2,90%;1,76%;589;600;572;565;546;533;527;395;532;551;567;577
3;Τεχνικοί και ασκούντες συναφή επαγγέλματα;Πελοποννήσου;Γυναίκες;;1,13%;-3,51%;1,60%;-5,15%;1,06%;0,45%;-35,36%;50,80%;1,98%;0,60%;-3,71%;705;713;688;699;663;670;673;435;656;669;673;648
3;Τεχνικοί και ασκούντες συναφή επαγγέλματα;Στερεάς Ελλάδας;Άνδρες;;0,20%;-2,25%;-5,86%;-4,89%;-4,44%;2,69%;-13,57%;17,63%;2,11%;9,63%;0,84%;488;489;478;450;428;409;420;363;427;436;478;482
3;Τεχνικοί και ασκούντες συναφή επαγγέλματα;Στερεάς Ελλάδας;Γυναίκες;;1,49%;-0,44%;-0,44%;-1,49%;-1,96%;1,23%;-29,79%;46,32%;0,44%;0,44%;-0,59%;669;679;676;673;663;650;658;462;676;679;682;678
1;Ανώτερα διευθυντικά και διοικητικά στελέχη;Ανατολικής Μακεδονίας & Θράκης;Άνδρες;;3,47%;-6,71%;-7,91%;-2,34%;-4,00%;-10,00%;237,96%;-67,95%;11,11%;-2,31%;8,66%;144;149;139;128;125;120;108;365;117;130;127;138
1;Ανώτερα διευθυντικά και διοικητικά στελέχη;Ανατολικής Μακεδονίας & Θράκης;Γυναίκες;;2,94%;-3,93%;-6,69%;-3,98%;0,41%;-2,07%;132,49%;-60,07%;4,09%;3,06%;-0,42%;272;280;269;251;241;242;237;551;220;229;236;235
1;Ανώτερα διευθυντικά και διοικητικά στελέχη;Αττικής;Άνδρες;;3,04%;-7,02%;-5,96%;-4,22%;-3,09%;0,73%;153,03%;-60,12%;1,70%;1,76%;3,11%;1314;1354;1259;1184;1134;1099;1107;2801;1117;1136;1156;1192
1;Ανώτερα διευθυντικά και διοικητικά στελέχη;Αττικής;Γυναίκες;;2,47%;-3,64%;-3,11%;-2,64%;-1,88%;2,70%;116,00%;-53,84%;-0,41%;-0,06%;-0,29%;1824;1869;1801;1745;1699;1667;1712;3698;1707;1700;1699;1694
1;Ανώτερα διευθυντικά και διοικητικά στελέχη;Βορείου Αιγαίου;Άνδρες;;5,45%;-10,34%;-11,54%;-8,70%;-11,90%;0,00%;224,32%;-70,00%;5,56%;18,42%;6,67%;55;58;52;46;42;37;37;120;36;38;45;48
1;Ανώτερα διευθυντικά και διοικητικά στελέχη;Βορείου Αιγαίου;Γυναίκες;;3,95%;-12,66%;2,90%;-5,63%;-7,46%;-3,23%;201,67%;-68,51%;14,04%;12,31%;-2,74%;76;79;69;71;67;62;60;181;57;65;73;71
1;Ανώτερα διευθυντικά και διοικητικά στελέχη;Δυτικής Ελλάδας;Άνδρες;;5,78%;-9,56%;-6,04%;-8,43%;-1,32%;-0,44%;150,89%;-60,68%;1,81%;4,89%;2,97%;277;293;265;249;228;225;224;562;221;225;236;243
1;Ανώτερα διευθυντικά και διοικητικά στελέχη;Δυτικής Ελλάδας;Γυναίκες;;0,53%;-2,89%;-1,90%;-4,70%;0,29%;-0,29%;104,35%;-52,91%;0,90%;2,09%;1,46%;378;380;369;362;345;346;345;705;332;335;342;347
1;Ανώτερα διευθυντικά και διοικητικά στελέχη;Δυτικής Μακεδονίας;Άνδρες;;8,22%;-3,80%;-10,53%;2,94%;-4,29%;-7,46%;195,16%;-67,21%;6,67%;9,38%;10,00%;73;79;76;68;70;67;62;183;60;64;70;77
1;Ανώτερα διευθυντικά και διοικητικά στελέχη;Δυτικής Μακεδονίας;Γυναίκες;;1,61%;4,76%;1,52%;-0,75%;-3,76%;0,00%;109,38%;-60,07%;2,80%;1,82%;-3,57%;124;126;132;134;133;128;128;268;107;110;112;108
1;Ανώτερα διευθυντικά και διοικητικά στελέχη;Ηπείρου;Άνδρες;;5,61%;-7,96%;-8,65%;-7,37%;-4,55%;-2,38%;146,34%;-59,41%;1,22%;2,41%;-1,18%;107;113;104;95;88;84;82;202;82;83;85;84
1;Ανώτερα διευθυντικά και διοικητικά στελέχη;Ηπείρου;Γυναίκες;;3,15%;-3,82%;-1,59%;-8,87%;-6,19%;2,83%;109,17%;-50,00%;-3,51%;-0,91%;8,26%;127;131;126;124;113;106;109;228;114;110;109;118
1;Ανώτερα διευθυντικά και διοικητικά στελέχη;Θεσσαλίας;Άνδρες;;2,21%;-3,46%;-4,93%;-7,55%;-7,14%;3,85%;116,93%;-53,90%;0,53%;4,74%;2,01%;226;231;223;212;196;182;189;410;189;190;199;203
1;Ανώτερα διευθυντικά και διοικητικά στελέχη;Θεσσαλίας;Γυναίκες;;0,00%;-1,19%;-6,31%;-5,13%;-4,73%;1,42%;108,04%;-54,96%;4,10%;0,36%;2,14%;337;337;333;312;296;282;286;595;268;279;280;286
1;Ανώτερα διευθυντικά και διοικητικά στελέχη;Ιονίων Νήσων;Άνδρες;;2,50%;-10,98%;-30,14%;-37,25%;-15,62%;-18,52%;795,45%;-88,32%;60,87%;70,27%;3,17%;80;82;73;51;32;27;22;197;23;37;63;65
1;Ανώτερα διευθυντικά και διοικητικά στελέχη;Ιονίων Νήσων;Γυναίκες;;-6,98%;-3,33%;-30,17%;-27,16%;-30,51%;9,76%;406,67%;-80,70%;36,36%;40,00%;11,90%;129;120;116;81;59;41;45;228;44;60;84;94
1;Ανώτερα διευθυντικά και διοικητικά στελέχη;Κεντρικής Μακεδονίας;Άνδρες;;3,10%;-9,16%;-5,33%;-4,26%;-5,09%;0,84%;182,06%;-64,55%;5,81%;4,24%;2,41%;741;764;694;657;629;597;602;1698;602;637;664;680
1;Ανώτερα διευθυντικά και διοικητικά στελέχη;Κεντρικής Μακεδονίας;Γυναίκες;;0,77%;-3,14%;-2,75%;-3,94%;-3,89%;0,66%;145,22%;-60,77%;5,08%;1,61%;0,00%;1043;1051;1018;990;951;914;920;2256;885;930;945;945
1;Ανώτερα διευθυντικά και διοικητικά στελέχη;Κρήτης;Άνδρες;;5,49%;-18,06%;-27,54%;-19,30%;-10,87%;-0,81%;398,36%;-79,11%;14,17%;54,48%;14,29%;273;288;236;171;138;123;122;608;127;145;224;256
1;Ανώτερα διευθυντικά και διοικητικά στελέχη;Κρήτης;Γυναίκες;;4,36%;-8,36%;-14,39%;-9,84%;-5,45%;-1,44%;252,68%;-71,65%;4,88%;26,51%;5,88%;298;311;285;244;220;208;205;723;205;215;272;288
1;Ανώτερα διευθυντικά και διοικητικά στελέχη;Νοτίου Αιγαίου;Άνδρες;;12,07%;-18,46%;-26,42%;-34,62%;-17,65%;-7,14%;610,26%;-85,20%;34,15%;107,27%;16,67%;116;130;106;78;51;42;39;277;41;55;114;133
1;Ανώτερα διευθυντικά και διοικητικά στελέχη;Νοτίου Αιγαίου;Γυναίκες;;2,67%;-12,55%;-28,71%;-35,42%;-7,53%;-5,81%;404,94%;-81,42%;30,26%;67,68%;9,04%;225;231;202;144;93;86;81;409;76;99;166;181
1;Ανώτερα διευθυντικά και διοικητικά στελέχη;Πελοποννήσου;Άνδρες;;0,72%;0,72%;-3,57%;-11,85%;-4,20%;-2,63%;170,27%;-59,67%;3,31%;8,00%;0,00%;138;139;140;135;119;114;111;300;121;125;135;135
1;Ανώτερα διευθυντικά και διοικητικά στελέχη;Πελοποννήσου;Γυναίκες;;0,41%;-4,96%;-2,61%;-5,80%;-2,84%;-2,93%;112,06%;-54,03%;1,55%;-1,02%;-3,08%;241;242;230;224;211;205;199;422;194;197;195;189
1;Ανώτερα διευθυντικά και διοικητικά στελέχη;Στερεάς Ελλάδας;Άνδρες;;-0,95%;-7,69%;-5,21%;-3,30%;-6,82%;2,44%;221,43%;-68,89%;11,90%;9,57%;-4,85%;105;104;96;91;88;82;84;270;84;94;103;98
1;Ανώτερα διευθυντικά και διοικητικά στελέχη;Στερεάς Ελλάδας;Γυναίκες;;6,09%;-4,78%;-6,03%;-0,53%;-2,69%;-2,76%;141,48%;-60,71%;-4,19%;6,25%;-2,94%;197;209;199;187;186;181;176;425;167;160;170;165
6;Ειδικευμένοι γεωργοί, κτηνοτρόφοι, δασοκόμοι και αλιείς;Ανατολικής Μακεδονίας & Θράκης;Άνδρες;;4,59%;-12,23%;-16,79%;-4,29%;-1,35%;2,73%;52,65%;-37,39%;11,57%;9,96%;7,92%;305;319;280;233;223;220;226;345;216;241;265;286
6;Ειδικευμένοι γεωργοί, κτηνοτρόφοι, δασοκόμοι και αλιείς;Ανατολικής Μακεδονίας & Θράκης;Γυναίκες;;-0,42%;-10,97%;-8,53%;-7,25%;0,00%;-1,68%;66,48%;-44,03%;36,59%;20,09%;11,52%;238;237;211;193;179;179;176;293;164;224;269;300
6;Ειδικευμένοι γεωργοί, κτηνοτρόφοι, δασοκόμοι και αλιείς;Αττικής;Άνδρες;;4,61%;-7,94%;-4,19%;-5,12%;-1,98%;0,54%;33,16%;-21,18%;0,64%;2,41%;3,71%;867;907;835;800;759;744;748;996;785;790;809;839
6;Ειδικευμένοι γεωργοί, κτηνοτρόφοι, δασοκόμοι και αλιείς;Αττικής;Γυναίκες;;8,45%;-12,90%;-2,47%;-0,95%;-2,56%;-4,59%;43,99%;-28,40%;1,33%;3,62%;2,86%;343;372;324;316;313;305;291;419;300;304;315;324
6;Ειδικευμένοι γεωργοί, κτηνοτρόφοι, δασοκόμοι και αλιείς;Βορείου Αιγαίου;Άνδρες;;5,43%;-1,03%;-4,17%;-9,78%;-12,05%;-15,07%;24,19%;-10,39%;18,84%;14,63%;4,26%;92;97;96;92;83;73;62;77;69;82;94;98
6;Ειδικευμένοι γεωργοί, κτηνοτρόφοι, δασοκόμοι και αλιείς;Βορείου Αιγαίου;Γυναίκες;;0,00%;2,78%;0,00%;-5,41%;-5,71%;-15,15%;-3,57%;0,00%;11,11%;-6,67%;17,86%;36;36;37;37;35;33;28;27;27;30;28;33
6;Ειδικευμένοι γεωργοί, κτηνοτρόφοι, δασοκόμοι και αλιείς;Δυτικής Ελλάδας;Άνδρες;;2,11%;-5,68%;-4,66%;-3,16%;-1,78%;-0,60%;-9,42%;9,73%;7,95%;6,80%;1,59%;379;387;365;348;337;331;329;298;327;353;377;383
6;Ειδικευμένοι γεωργοί, κτηνοτρόφοι, δασοκόμοι και αλιείς;Δυτικής Ελλάδας;Γυναίκες;;0,00%;1,14%;1,69%;-0,56%;-1,68%;3,41%;-21,43%;26,57%;4,97%;-0,53%;-2,12%;175;175;177;180;179;176;182;143;181;190;189;185
6;Ειδικευμένοι γεωργοί, κτηνοτρόφοι, δασοκόμοι και αλιείς;Δυτικής Μακεδονίας;Άνδρες;;7,41%;-4,83%;-3,62%;-10,53%;-12,61%;-7,69%;46,88%;-31,91%;-7,29%;32,58%;12,71%;135;145;138;133;119;104;96;141;96;89;118;133
6;Ειδικευμένοι γεωργοί, κτηνοτρόφοι, δασοκόμοι και αλιείς;Δυτικής Μακεδονίας;Γυναίκες;;14,75%;-8,57%;6,25%;-2,94%;-4,55%;3,17%;-13,85%;10,71%;-6,45%;-3,45%;19,64%;61;70;64;68;66;63;65;56;62;58;56;67
6;Ειδικευμένοι γεωργοί, κτηνοτρόφοι, δασοκόμοι και αλιείς;Ηπείρου;Άνδρες;;2,52%;-4,10%;-11,11%;-4,81%;5,05%;2,88%;28,97%;-25,36%;3,88%;14,95%;7,32%;119;122;117;104;99;104;107;138;103;107;123;132
6;Ειδικευμένοι γεωργοί, κτηνοτρόφοι, δασοκόμοι και αλιείς;Ηπείρου;Γυναίκες;;-2,82%;-5,80%;-3,08%;-4,76%;3,33%;0,00%;1,61%;-17,46%;-3,85%;6,00%;5,66%;71;69;65;63;60;62;62;63;52;50;53;56
6;Ειδικευμένοι γεωργοί, κτηνοτρόφοι, δασοκόμοι και αλιείς;Θεσσαλίας;Άνδρες;;0,79%;-1,31%;-10,11%;-5,92%;-2,20%;-5,47%;48,98%;-30,14%;2,61%;14,97%;1,39%;378;381;376;338;318;311;294;438;306;314;361;366
6;Ειδικευμένοι γεωργοί, κτηνοτρόφοι, δασοκόμοι και αλιείς;Θεσσαλίας;Γυναίκες;;-4,69%;5,46%;-1,04%;-5,76%;-1,67%;1,69%;25,00%;-21,78%;-2,27%;1,16%;-1,72%;192;183;193;191;180;177;180;225;176;172;174;171
6;Ειδικευμένοι γεωργοί, κτηνοτρόφοι, δασοκόμοι και αλιείς;Ιονίων Νήσων;Άνδρες;;7,75%;-15,75%;-32,52%;-53,61%;-19,48%;-9,68%;432,14%;-82,89%;125,49%;100,87%;14,29%;271;292;246;166;77;62;56;298;51;115;231;264
6;Ειδικευμένοι γεωργοί, κτηνοτρόφοι, δασοκόμοι και αλιείς;Ιονίων Νήσων;Γυναίκες;;-3,33%;3,45%;-26,67%;-22,73%;-11,76%;20,00%;61,11%;-44,83%;18,75%;21,05%;0,00%;30;29;30;22;17;15;18;29;16;19;23;23
6;Ειδικευμένοι γεωργοί, κτηνοτρόφοι, δασοκόμοι και αλιείς;Κεντρικής Μακεδονίας;Άνδρες;;3,41%;-9,77%;-10,46%;-6,66%;-6,70%;-4,68%;60,39%;-37,65%;9,49%;14,20%;3,14%;881;911;822;736;687;641;611;980;611;669;764;788
6;Ειδικευμένοι γεωργοί, κτηνοτρόφοι, δασοκόμοι και αλιείς;Κεντρικής Μακεδονίας;Γυναίκες;;3,50%;-2,86%;-3,75%;-5,29%;-6,76%;1,58%;48,76%;-33,82%;4,73%;2,41%;-0,88%;371;384;373;359;340;317;322;479;317;332;340;337
6;Ειδικευμένοι γεωργοί, κτηνοτρόφοι, δασοκόμοι και αλιείς;Κρήτης;Άνδρες;;13,25%;-25,53%;-21,79%;-17,35%;-11,05%;0,62%;133,33%;-58,73%;14,10%;74,16%;12,90%;332;376;280;219;181;161;162;378;156;178;310;350
6;Ειδικευμένοι γεωργοί, κτηνοτρόφοι, δασοκόμοι και αλιείς;Κρήτης;Γυναίκες;;5,77%;-5,45%;-1,92%;3,92%;9,43%;1,72%;6,78%;-12,70%;-7,27%;13,73%;3,45%;52;55;52;51;53;58;59;63;55;51;58;60
6;Ειδικευμένοι γεωργοί, κτηνοτρόφοι, δασοκόμοι και αλιείς;Νοτίου Αιγαίου;Άνδρες;;20,14%;-31,76%;-41,81%;-36,30%;-13,95%;-13,51%;495,31%;-85,56%;70,91%;182,98%;22,93%;283;340;232;135;86;74;64;381;55;94;266;327
6;Ειδικευμένοι γεωργοί, κτηνοτρόφοι, δασοκόμοι και αλιείς;Νοτίου Αιγαίου;Γυναίκες;;0,00%;-25,00%;-8,33%;-13,64%;-10,53%;0,00%;17,65%;-25,00%;6,67%;37,50%;-4,55%;32;32;24;22;19;17;17;20;15;16;22;21
6;Ειδικευμένοι γεωργοί, κτηνοτρόφοι, δασοκόμοι και αλιείς;Πελοποννήσου;Άνδρες;;8,75%;-8,43%;-2,09%;-3,85%;-2,22%;-2,73%;15,42%;-6,07%;4,74%;11,52%;5,90%;240;261;239;234;225;220;214;247;232;243;271;287
6;Ειδικευμένοι γεωργοί, κτηνοτρόφοι, δασοκόμοι και αλιείς;Πελοποννήσου;Γυναίκες;;0,00%;8,70%;-5,00%;-1,05%;-3,19%;4,40%;8,42%;-4,85%;8,16%;0,00%;-5,66%;92;92;100;95;94;91;95;103;98;106;106;100
6;Ειδικευμένοι γεωργοί, κτηνοτρόφοι, δασοκόμοι και αλιείς;Στερεάς Ελλάδας;Άνδρες;;3,91%;-7,52%;-4,88%;-13,68%;1,49%;-0,98%;141,87%;-59,06%;4,98%;4,74%;11,31%;256;266;246;234;202;205;203;491;201;211;221;246
6;Ειδικευμένοι γεωργοί, κτηνοτρόφοι, δασοκόμοι και αλιείς;Στερεάς Ελλάδας;Γυναίκες;;5,00%;-7,14%;-1,28%;-12,99%;-6,72%;-4,80%;184,03%;-65,09%;16,95%;10,14%;0,66%;160;168;156;154;134;125;119;338;118;138;152;153
0;Ένοπλες δυνάμεις;Ανατολικής Μακεδονίας & Θράκης;Άνδρες;;11,11%;0,00%;0,00%;-20,00%;-12,50%;0,00%;28,57%;-33,33%;0,00%;33,33%;37,50%;9;10;10;10;8;7;7;9;6;6;8;11
0;Ένοπλες δυνάμεις;Ανατολικής Μακεδονίας & Θράκης;Γυναίκες;;0,00%;0,00%;0,00%;0,00%;0,00%;0,00%;900,00%;-90,00%;100,00%;-50,00%;0,00%;1;1;1;1;1;1;1;10;1;2;1;1
0;Ένοπλες δυνάμεις;Αττικής;Άνδρες;;6,25%;-11,76%;0,00%;-4,44%;0,00%;-6,98%;50,00%;-43,33%;11,76%;-21,05%;-3,33%;48;51;45;45;43;43;40;60;34;38;30;29
0;Ένοπλες δυνάμεις;Αττικής;Γυναίκες;;-4,00%;-8,33%;4,55%;-4,35%;4,55%;-8,70%;147,62%;-59,62%;-14,29%;11,11%;-5,00%;25;24;22;23;22;23;21;52;21;18;20;19
0;Ένοπλες δυνάμεις;Βορείου Αιγαίου;Άνδρες;;0,00%;12,50%;-33,33%;-33,33%;0,00%;-25,00%;233,33%;-70,00%;-66,67%;100,00%;0,00%;8;8;9;6;4;4;3;10;3;1;2;2
0;Ένοπλες δυνάμεις;Βορείου Αιγαίου;Γυναίκες;;0,00%;0,00%;0,00%;0,00%;0,00%;0,00%;500,00%;-83,33%;0,00%;0,00%;0,00%;1;1;1;1;1;1;1;6;1;1;1;1
0;Ένοπλες δυνάμεις;Δυτικής Ελλάδας;Άνδρες;;-14,29%;25,00%;-6,67%;-7,14%;-15,38%;9,09%;-16,67%;50,00%;-6,67%;-7,14%;-7,69%;14;12;15;14;13;11;12;10;15;14;13;12
0;Ένοπλες δυνάμεις;Δυτικής Ελλάδας;Γυναίκες;;0,00%;-11,11%;-12,50%;0,00%;-14,29%;-16,67%;160,00%;-61,54%;0,00%;0,00%;0,00%;9;9;8;7;7;6;5;13;5;5;5;5
0;Ένοπλες δυνάμεις;Δυτικής Μακεδονίας;Άνδρες;;16,67%;-28,57%;0,00%;20,00%;16,67%;-14,29%;150,00%;-60,00%;16,67%;0,00%;-42,86%;6;7;5;5;6;7;6;15;6;7;7;4
0;Ένοπλες δυνάμεις;Δυτικής Μακεδονίας;Γυναίκες;;;;;;;0,00%;400,00%;-80,00%;0,00%;0,00%;0,00%;;;;;;1;1;5;1;1;1;1
0;Ένοπλες δυνάμεις;Ηπείρου;Άνδρες;;0,00%;0,00%;0,00%;-20,00%;0,00%;25,00%;-40,00%;133,33%;-42,86%;-25,00%;0,00%;5;5;5;5;4;4;5;3;7;4;3;3
0;Ένοπλες δυνάμεις;Ηπείρου;Γυναίκες;;0,00%;0,00%;0,00%;0,00%;0,00%;50,00%;-100,00%;;-33,33%;0,00%;0,00%;2;2;2;2;2;2;3;;3;2;2;2
0;Ένοπλες δυνάμεις;Θεσσαλίας;Άνδρες;;6,25%;-5,88%;0,00%;0,00%;-25,00%;-16,67%;160,00%;-57,69%;0,00%;-9,09%;0,00%;16;17;16;16;16;12;10;26;11;11;10;10
0;Ένοπλες δυνάμεις;Θεσσαλίας;Γυναίκες;;25,00%;-20,00%;0,00%;0,00%;0,00%;0,00%;25,00%;-40,00%;-33,33%;0,00%;0,00%;4;5;4;4;4;4;4;5;3;2;2;2
0;Ένοπλες δυνάμεις;Ιονίων Νήσων;Άνδρες;;0,00%;-50,00%;0,00%;-100,00%;;;;-100,00%;;0,00%;100,00%;2;2;1;1;;;;3;;1;1;2
0;Ένοπλες δυνάμεις;Ιονίων Νήσων;Γυναίκες;;0,00%;0,00%;-50,00%;-100,00%;;;;-100,00%;;;;2;2;2;1;;;;2;;;;
0;Ένοπλες δυνάμεις;Κεντρικής Μακεδονίας;Άνδρες;;3,03%;-8,82%;-12,90%;-7,41%;0,00%;4,00%;103,85%;-58,49%;-4,55%;9,52%;4,35%;33;34;31;27;25;25;26;53;22;21;23;24
0;Ένοπλες δυνάμεις;Κεντρικής Μακεδονίας;Γυναίκες;;7,69%;-14,29%;0,00%;0,00%;-16,67%;0,00%;120,00%;-54,55%;-20,00%;0,00%;0,00%;13;14;12;12;12;10;10;22;10;8;8;8
0;Ένοπλες δυνάμεις;Κρήτης;Άνδρες;;-28,57%;0,00%;-20,00%;0,00%;0,00%;-50,00%;650,00%;-93,33%;-100,00%;;;7;5;5;4;4;4;2;15;1;;;
0;Ένοπλες δυνάμεις;Κρήτης;Γυναίκες;;0,00%;0,00%;0,00%;0,00%;-25,00%;-33,33%;500,00%;-83,33%;50,00%;-33,33%;50,00%;4;4;4;4;4;3;2;12;2;3;2;3
0;Ένοπλες δυνάμεις;Νοτίου Αιγαίου;Άνδρες;;0,00%;25,00%;-20,00%;25,00%;-20,00%;0,00%;75,00%;-85,71%;100,00%;0,00%;0,00%;4;4;5;4;5;4;4;7;1;2;2;2
0;Ένοπλες δυνάμεις;Νοτίου Αιγαίου;Γυναίκες;;0,00%;0,00%;-33,33%;0,00%;-50,00%;0,00%;500,00%;-83,33%;0,00%;0,00%;0,00%;3;3;3;2;2;1;1;6;1;1;1;1
0;Ένοπλες δυνάμεις;Πελοποννήσου;Άνδρες;;-16,67%;0,00%;0,00%;0,00%;20,00%;-16,67%;80,00%;-33,33%;0,00%;16,67%;-14,29%;6;5;5;5;5;6;5;9;6;6;7;6
0;Ένοπλες δυνάμεις;Πελοποννήσου;Γυναίκες;;0,00%;-33,33%;0,00%;0,00%;0,00%;0,00%;100,00%;-50,00%;0,00%;0,00%;50,00%;3;3;2;2;2;2;2;4;2;2;2;3
0;Ένοπλες δυνάμεις;Στερεάς Ελλάδας;Άνδρες;;0,00%;50,00%;0,00%;0,00%;0,00%;-33,33%;500,00%;-75,00%;0,00%;0,00%;0,00%;2;2;3;3;3;3;2;12;3;3;3;3
0;Ένοπλες δυνάμεις;Στερεάς Ελλάδας;Γυναίκες;;0,00%;0,00%;-50,00%;0,00%;0,00%;0,00%;700,00%;-87,50%;100,00%;0,00%;0,00%;2;2;2;1;1;1;1;8;1;2;2;2
ΧΠ;Χωρίς Πληροφορία;Ανατολικής Μακεδονίας & Θράκης;Άνδρες;;0,81%;-2,40%;0,00%;-1,64%;0,00%;0,00%;100,00%;-52,08%;0,00%;0,00%;0,00%;124;125;122;122;120;120;120;240;115;115;115;115
ΧΠ;Χωρίς Πληροφορία;Ανατολικής Μακεδονίας & Θράκης;Γυναίκες;;2,79%;-6,50%;-1,16%;-1,17%;-2,37%;-0,61%;103,06%;-53,16%;0,00%;-3,22%;-0,66%;359;369;345;341;337;329;327;664;311;311;301;299
ΧΠ;Χωρίς Πληροφορία;Αττικής;Άνδρες;;2,94%;-4,52%;-1,33%;-1,60%;-1,54%;-2,00%;97,52%;-51,03%;-1,65%;-1,68%;-1,61%;1225;1261;1204;1188;1169;1151;1128;2228;1091;1073;1055;1038
ΧΠ;Χωρίς Πληροφορία;Αττικής;Γυναίκες;;2,90%;-4,84%;-1,01%;-2,12%;-1,62%;-1,41%;83,91%;-47,53%;-1,20%;-1,87%;-1,49%;3653;3759;3577;3541;3466;3410;3362;6183;3244;3205;3145;3098
ΧΠ;Χωρίς Πληροφορία;Βορείου Αιγαίου;Άνδρες;;0,00%;0,00%;-5,26%;0,00%;0,00%;0,00%;83,33%;-45,45%;0,00%;0,00%;0,00%;19;19;19;18;18;18;18;33;18;18;18;18
ΧΠ;Χωρίς Πληροφορία;Βορείου Αιγαίου;Γυναίκες;;7,69%;-7,14%;0,00%;-7,69%;-5,56%;0,00%;129,41%;-58,97%;0,00%;0,00%;-3,12%;39;42;39;39;36;34;34;78;32;32;32;31
ΧΠ;Χωρίς Πληροφορία;Δυτικής Ελλάδας;Άνδρες;;1,44%;-2,36%;-2,42%;-1,49%;-2,01%;-2,56%;97,37%;-50,67%;-2,16%;-2,21%;-0,56%;209;212;207;202;199;195;190;375;185;181;177;176
ΧΠ;Χωρίς Πληροφορία;Δυτικής Ελλάδας;Γυναίκες;;2,35%;-3,52%;-1,58%;-2,74%;-0,83%;-0,67%;78,32%;-45,52%;-1,21%;-2,10%;-1,07%;639;654;631;621;604;599;595;1061;578;571;559;553
ΧΠ;Χωρίς Πληροφορία;Δυτικής Μακεδονίας;Άνδρες;;2,38%;-4,65%;-1,22%;-4,94%;-2,60%;-2,67%;115,07%;-54,78%;-1,41%;0,00%;-2,86%;84;86;82;81;77;75;73;157;71;70;70;68
ΧΠ;Χωρίς Πληροφορία;Δυτικής Μακεδονίας;Γυναίκες;;3,59%;-5,78%;-0,31%;-1,54%;-2,50%;-2,56%;93,09%;-51,45%;-2,11%;-1,79%;-0,36%;334;346;326;325;320;312;304;587;285;279;274;273
ΧΠ;Χωρίς Πληροφορία;Ηπείρου;Άνδρες;;0,00%;0,00%;0,00%;-5,88%;0,00%;0,00%;193,75%;-66,67%;0,00%;0,00%;0,00%;51;51;51;51;48;48;48;141;47;47;47;47
ΧΠ;Χωρίς Πληροφορία;Ηπείρου;Γυναίκες;;2,20%;-2,69%;-0,55%;-0,56%;-0,56%;-0,56%;84,18%;-47,24%;-0,58%;-1,17%;-1,18%;182;186;181;180;179;178;177;326;172;171;169;167
ΧΠ;Χωρίς Πληροφορία;Θεσσαλίας;Άνδρες;;0,84%;-1,67%;-2,54%;-1,74%;-5,31%;-0,93%;140,57%;-59,22%;0,00%;-0,96%;0,00%;119;120;118;115;113;107;106;255;104;104;103;103
ΧΠ;Χωρίς Πληροφορία;Θεσσαλίας;Γυναίκες;;2,92%;-3,71%;-0,91%;-2,06%;-1,87%;-1,67%;95,64%;-50,00%;-0,99%;-0,50%;-0,75%;445;458;441;437;428;420;413;808;404;400;398;395
ΧΠ;Χωρίς Πληροφορία;Ιονίων Νήσων;Άνδρες;;0,00%;-4,55%;-4,76%;0,00%;0,00%;0,00%;390,00%;-80,61%;-5,26%;0,00%;0,00%;22;22;21;20;20;20;20;98;19;18;18;18
ΧΠ;Χωρίς Πληροφορία;Ιονίων Νήσων;Γυναίκες;;3,23%;-6,25%;-3,33%;-3,45%;0,00%;-3,57%;407,41%;-83,21%;0,00%;-4,35%;0,00%;31;32;30;29;28;28;27;137;23;23;22;22
ΧΠ;Χωρίς Πληροφορία;Κεντρικής Μακεδονίας;Άνδρες;;1,79%;-2,97%;-1,11%;-1,41%;-2,14%;-1,61%;124,63%;-57,07%;-1,54%;-0,94%;-1,74%;727;740;718;710;700;685;674;1514;650;640;634;623
ΧΠ;Χωρίς Πληροφορία;Κεντρικής Μακεδονίας;Γυναίκες;;2,86%;-4,27%;-1,21%;-1,97%;-1,61%;-1,68%;94,32%;-50,23%;-1,77%;-1,70%;-1,34%;2346;2413;2310;2282;2237;2201;2164;4205;2093;2056;2021;1994
ΧΠ;Χωρίς Πληροφορία;Κρήτης;Άνδρες;;1,94%;-2,53%;-2,60%;-5,33%;-1,41%;-1,43%;155,80%;-62,32%;-0,75%;-2,27%;0,00%;155;158;154;150;142;140;138;353;133;132;129;129
ΧΠ;Χωρίς Πληροφορία;Κρήτης;Γυναίκες;;3,52%;-6,46%;-0,73%;-1,10%;-2,59%;-1,52%;146,33%;-60,97%;-0,80%;-1,21%;-2,46%;284;294;275;273;270;263;259;638;249;247;244;238
ΧΠ;Χωρίς Πληροφορία;Νοτίου Αιγαίου;Άνδρες;;-4,00%;4,17%;-4,00%;-12,50%;-9,52%;-5,26%;577,78%;-86,07%;-5,88%;6,25%;-5,88%;25;24;25;24;21;19;18;122;17;16;17;16
ΧΠ;Χωρίς Πληροφορία;Νοτίου Αιγαίου;Γυναίκες;;7,14%;-10,67%;-7,46%;-8,06%;-8,77%;-1,92%;360,78%;-80,43%;-6,52%;6,98%;-4,35%;70;75;67;62;57;52;51;235;46;43;46;44
ΧΠ;Χωρίς Πληροφορία;Πελοποννήσου;Άνδρες;;0,00%;-2,38%;-1,22%;-7,41%;-2,67%;0,00%;150,68%;-61,20%;-1,41%;-1,43%;-1,45%;84;84;82;81;75;73;73;183;71;70;69;68
ΧΠ;Χωρίς Πληροφορία;Πελοποννήσου;Γυναίκες;;3,69%;-7,56%;-1,44%;-1,46%;-0,99%;-0,50%;100,50%;-52,88%;-1,60%;-2,16%;-2,76%;217;225;208;205;202;200;199;399;188;185;181;176
ΧΠ;Χωρίς Πληροφορία;Στερεάς Ελλάδας;Άνδρες;;2,94%;-3,57%;-3,70%;0,00%;-2,31%;-1,57%;86,40%;-48,93%;-1,68%;-0,85%;-0,86%;136;140;135;130;130;127;125;233;119;117;116;115
ΧΠ;Χωρίς Πληροφορία;Στερεάς Ελλάδας;Γυναίκες;;6,01%;-7,76%;-0,65%;-2,61%;-0,67%;-1,01%;111,22%;-54,59%;-1,77%;-2,89%;-1,86%;316;335;309;307;299;297;294;621;282;277;269;264
